ds,y,random,trend_act,resid_act,seasonal_act,resid_act_rnd,trend_act_rnd,season_act_rnd,simulated,deviation
2018-01-07T00:00:00.000+0000,2879,34,2409.2849765005226,-1959.5452023388152,2429.2602258382926,-1921.5452023388152,2495.2849765005226,2460.2602258382926,4893,1.0656477943730462
2018-01-14T00:00:00.000+0000,2871,-12,2422.553237393292,-514.8528899362568,963.299652542965,-471.8528899362568,2427.553237393292,926.299652542965,4695,0.9996516893068618
2018-01-21T00:00:00.000+0000,2530,66,2435.7560388853867,-170.01843062256148,264.26239173717465,-73.01843062256148,2509.7560388853867,182.26239173717465,4510,1.0612648221343874
2018-01-28T00:00:00.000+0000,2784,133,2448.8971375502933,-155.6522348610356,490.75509731074214,-126.6522348610356,2375.8971375502933,552.7550973107421,4760,1.0542385057471264
2018-02-04T00:00:00.000+0000,2658,5,2461.980827065552,-554.5423645259775,750.5615374604253,-460.5423645259775,2362.980827065552,734.5615374604253,4467,0.9939804364183596
2018-02-11T00:00:00.000+0000,2719,4,2475.0119380881606,-4.693462123201243,248.68152403504075,37.30653787679876,2401.0119380881606,307.68152403504075,4575,1.0114012504597278
2018-02-18T00:00:00.000+0000,3158,-104,2487.9961771489025,287.1816344236777,382.8221884274198,301.1816344236777,2390.9961771489025,434.8221884274198,4848,0.9572514249525016
2018-02-25T00:00:00.000+0000,3058,-183,2500.939481846756,428.3124461238581,128.74807202938604,458.3124461238581,2507.939481846756,176.74807202938604,4785,0.9679529103989536
2018-03-04T00:00:00.000+0000,3391,-148,2513.8474472074136,403.74987682225174,473.4026759703348,385.74987682225174,2438.8474472074136,506.4026759703348,5008,0.9386611618991448
2018-03-11T00:00:00.000+0000,3250,-72,2526.725068240655,606.507165300281,116.76776645906378,639.507165300281,2600.725068240655,107.76776645906378,5101,1.008
2018-03-18T00:00:00.000+0000,2804,-73,2539.5766596586013,107.62724275786832,156.79609758353038,140.62724275786832,2564.5766596586013,99.79609758353038,4557,0.9743223965763196
2018-03-25T00:00:00.000+0000,2364,-80,2552.405756990155,-47.62426792624683,-140.78148906390828,-105.62426792624683,2526.405756990155,-120.78148906390828,4045,0.9390862944162437
2018-04-01T00:00:00.000+0000,1587,158,2565.215664180377,617.6142023439083,-1595.8298665242855,619.6142023439083,2540.215664180377,-1642.8298665242855,3500,1.0554505356017643
2018-04-08T00:00:00.000+0000,2369,180,2578.0095827858318,-381.9409668919275,172.93138410609578,-347.9409668919275,2589.0095827858318,202.93138410609578,4449,1.1076403545799915
2018-04-15T00:00:00.000+0000,2636,-44,2590.7901733935787,738.0285325531568,-692.8187059467355,704.0285325531568,2576.7901733935787,-676.8187059467355,4385,0.9711684370257967
2018-04-22T00:00:00.000+0000,1968,-15,2603.5601561851217,847.0061431344311,-1482.5662993195526,934.0061431344311,2594.5601561851217,-1520.5662993195526,3818,1.0127032520325205
2018-04-29T00:00:00.000+0000,2359,84,2616.3213223888615,139.26078796784486,-396.58211035670655,233.26078796784486,2699.3213223888615,-413.58211035670655,4428,1.1034336583298008
2018-05-06T00:00:00.000+0000,2247,-124,2629.0742512872334,56.85775407461324,-438.93200536184673,90.85775407461324,2663.0742512872334,-521.9320053618467,3933,0.9381397418780596
2018-05-13T00:00:00.000+0000,2637,-67,2641.819011654183,-5.91118386882863,1.0921722146452737,90.08881613117137,2638.819011654183,-2.9078277853547263,4484,1.0083428138035646
2018-05-20T00:00:00.000+0000,1966,-114,2654.5554279194557,47.160381774024245,-735.7158096934797,68.16038177402424,2555.5554279194557,-777.7158096934797,3557,0.8809766022380469
2018-05-27T00:00:00.000+0000,1763,60,2667.283131997104,-112.35823288141592,-791.924899115688,-171.35823288141592,2681.283131997104,-772.924899115688,3622,1.0192853091321612
2018-06-03T00:00:00.000+0000,2073,-97,2680.001542703517,69.9325913710777,-676.9341340745946,47.932591371077706,2775.001542703517,-615.9341340745946,3935,1.0178485287023638
2018-06-10T00:00:00.000+0000,2441,-52,2692.7099482018752,669.4874426873821,-921.1973908892572,597.4874426873821,2610.7099482018752,-1007.1973908892572,3974,0.8803768947152806
2018-06-17T00:00:00.000+0000,1651,150,2705.4071791582946,-126.7078637572613,-927.6993154010332,-127.7078637572613,2655.4071791582946,-830.6993154010332,3672,1.1187159297395517
2018-06-24T00:00:00.000+0000,1859,55,2718.0910810442238,-269.7021643690805,-589.388916675143,-282.7021643690805,2780.0910810442238,-635.388916675143,3742,1.0311995696611083
2018-07-01T00:00:00.000+0000,1766,-56,2730.7591407111786,-66.47257499865009,-898.2865657125285,-81.47257499865009,2748.7591407111786,-881.2865657125285,3555,0.9796149490373726
2018-07-08T00:00:00.000+0000,1604,152,2743.4087607103465,-325.1944242698037,-814.2143364405426,-306.1944242698037,2754.4087607103465,-743.2143364405426,3682,1.1577306733167083
2018-07-15T00:00:00.000+0000,1638,-134,2756.037131403533,-62.75623394849754,-1055.280897455035,-135.75623394849754,2699.037131403533,-1007.2808974550351,3247,0.8681318681318683
2018-07-22T00:00:00.000+0000,1611,-189,2768.641359474575,-31.22250911771971,-1126.4188503568553,-27.22250911771971,2752.641359474575,-1047.4188503568553,3314,0.9242706393544382
2018-07-29T00:00:00.000+0000,1604,172,2781.218229249515,0.9897182595882441,-1178.2079475091034,94.98971825958824,2865.218229249515,-1160.2079475091034,3797,1.229426433915212
2018-08-05T00:00:00.000+0000,1442,-82,2793.7640400373834,-97.81892272176492,-1253.9451173156187,-83.81892272176492,2854.7640400373834,-1331.9451173156187,3182,0.9410540915395282
2018-08-12T00:00:00.000+0000,1695,-53,2806.2745204026082,3.134906899577345,-1114.4094273021856,61.134906899577345,2853.2745204026082,-1112.4094273021856,3574,1.031858407079646
2018-08-19T00:00:00.000+0000,1769,190,2818.7448223334472,5.282828964593591,-1055.027651298041,-94.71717103540641,2743.7448223334472,-976.0276512980411,3688,1.0531373657433578
2018-08-26T00:00:00.000+0000,2321,-161,2831.169336549884,109.19912056479689,-619.3684571146811,80.19912056479689,2808.169336549884,-641.3684571146811,3911,0.8987505385609651
2018-09-02T00:00:00.000+0000,3490,-94,2843.5414901812724,232.78051691018618,413.67799290854134,169.78051691018618,2902.5414901812724,318.67799290854134,5122,0.9446991404011461
2018-09-09T00:00:00.000+0000,3047,22,2855.853378525265,173.77655011872048,17.37007135601462,241.77655011872048,2775.853378525265,45.37007135601462,4910,1.012471283229406
2018-09-16T00:00:00.000+0000,3709,126,2868.095286581764,-215.3672656191152,1056.2719790373515,-198.3672656191152,2798.095286581764,1103.2719790373515,5654,1.032353734160151
2018-09-23T00:00:00.000+0000,3816,-149,2880.2554312007146,-357.8487036210322,1293.5932724203176,-336.8487036210322,2837.2554312007146,1265.5932724203176,5442,0.9478511530398323
2018-09-30T00:00:00.000+0000,3308,105,2892.3200814219354,-436.92390648140736,852.6038250594719,-385.92390648140736,2986.3200814219354,819.6038250594719,5350,1.0655985489721886
2018-10-07T00:00:00.000+0000,3540,180,2904.27341757845,-225.27515777747158,861.0017401990218,-198.27515777747158,2901.27341757845,900.0017401990218,5608,1.0686440677966103
2018-10-14T00:00:00.000+0000,3523,39,2916.096998952799,-392.5654750929607,999.4684761401617,-373.5654750929607,2834.096998952799,1017.4684761401617,5342,0.9982969060459835
2018-10-21T00:00:00.000+0000,3259,8,2927.7686771369135,-466.6602761111553,797.8915989742416,-407.6602761111553,2958.7686771369135,766.8915989742416,5151,1.0205584535133476
2018-10-28T00:00:00.000+0000,3706,-112,2939.2617175503824,-476.11073079152675,1242.8490132411446,-484.11073079152675,2975.2617175503824,1341.8490132411446,5546,1.0040474905558554
2018-11-04T00:00:00.000+0000,5597,18,2950.5438249715608,-340.735918357791,2987.19209338623,-270.735918357791,2937.5438249715608,2896.19209338623,7406,0.9971413257102019
2018-11-11T00:00:00.000+0000,3445,-33,2961.5761736291315,356.3574131091573,127.06641326171098,400.3574131091573,2935.5761736291315,129.06641326171098,5257,0.9962264150943396
2018-11-18T00:00:00.000+0000,2895,-116,2972.3127915406667,181.56320068486912,-258.87599222553587,163.56320068486912,3006.3127915406667,-306.87599222553587,4572,0.9488773747841105
2018-11-25T00:00:00.000+0000,3829,-2,2982.7016812268785,745.5415570721339,100.75676170098765,695.5415570721339,3003.7016812268785,67.75676170098765,5590,0.9832854531209193
2018-12-02T00:00:00.000+0000,2568,-157,2992.693391685454,219.92889762435289,-644.6222893098069,203.92889762435289,3012.693391685454,-658.6222893098069,4226,0.9349688473520249
2018-12-09T00:00:00.000+0000,2062,-79,3002.262204032875,227.12368860936613,-1167.3858926422413,234.12368860936613,3081.262204032875,-1225.3858926422413,3836,0.975266731328807
2018-12-16T00:00:00.000+0000,1808,-21,3011.452982557688,373.92139328280064,-1577.3743758404885,405.92139328280064,3073.452982557688,-1500.3743758404885,3783,1.0829646017699115
2018-12-23T00:00:00.000+0000,1227,-190,3020.4630970794233,401.8576628264668,-2195.32075990589,336.8576628264668,2972.4630970794233,-2147.32075990589,2797,0.7921760391198044
2018-12-30T00:00:00.000+0000,1431,76,3036.565547906201,50.31998262172783,-1655.885530527929,49.31998262172783,3097.565547906201,-1592.885530527929,3455,1.1390635918937806
2019-01-06T00:00:00.000+0000,6761,37,3054.012281227507,2447.810606577074,1259.1771121954184,2450.810606577074,3026.012281227507,1319.1771121954184,8658,1.0106493122319185
2019-01-13T00:00:00.000+0000,4362,121,3072.8365721834025,369.99510877411876,919.1683190424787,287.99510877411876,3109.8365721834025,1014.1683190424787,6358,1.0392022008253095
2019-01-20T00:00:00.000+0000,3904,-17,3093.050172010409,317.1912274431752,493.75860054641583,362.1912274431752,3113.050172010409,452.75860054641583,5736,1.0017930327868851
2019-01-27T00:00:00.000+0000,3756,-132,3114.6630106605708,242.40297757786539,398.93401176156385,225.40297757786539,3103.6630106605708,300.93401176156385,5323,0.9313099041533547
2019-02-03T00:00:00.000+0000,4626,-179,3137.6843847052382,603.1830740190494,885.1325412757125,614.1830740190494,3109.6843847052382,853.1325412757125,6223,0.9507133592736705
2019-02-10T00:00:00.000+0000,5034,-80,3162.1185540646434,377.56335204080415,1494.3180938945525,335.56335204080415,3225.1185540646434,1445.3180938945525,6751,0.9785458879618594
2019-02-17T00:00:00.000+0000,4518,-54,3187.9502737546527,-164.06745920331878,1494.117185448666,-214.06745920331878,3241.9502737546527,1443.117185448666,6242,0.9776449756529437
2019-02-24T00:00:00.000+0000,4598,158,3215.1529635556394,159.76544318026617,1223.0815932640944,158.76544318026617,3181.1529635556394,1159.0815932640944,6482,1.0128316659417138
2019-03-03T00:00:00.000+0000,4451,-153,3243.6968672883813,65.46507356453276,1141.8380591470861,74.46507356453276,3266.6968672883813,1124.8380591470861,6138,0.9689957312963379
2019-03-10T00:00:00.000+0000,4598,94,3273.5286564335634,-229.26314229098944,1553.7344858574263,-131.26314229098944,3308.5286564335634,1475.7344858574263,6572,1.0324053936494129
2019-03-17T00:00:00.000+0000,4510,194,3304.5649339595043,-350.8249569849204,1556.260023025416,-292.8249569849204,3351.5649339595043,1573.260023025416,6651,1.0700665188470067
2019-03-24T00:00:00.000+0000,3402,80,3336.686994645555,-1595.029024474697,1660.3420298291421,-1663.029024474697,3295.686994645555,1757.3420298291421,5295,1.0199882422104645
2019-03-31T00:00:00.000+0000,3000,68,3369.7579896933157,-837.2578811760272,467.4998914827114,-841.2578811760272,3389.7579896933157,538.4998914827114,4980,1.0516666666666667
2019-04-07T00:00:00.000+0000,3302,-59,3403.6274122625728,-639.449900871934,537.8224886093615,-712.449900871934,3328.6274122625728,629.8224886093615,5012,0.9651726226529376
2019-04-14T00:00:00.000+0000,3386,-148,3438.185728864024,-194.6382884846662,142.45255962064243,-245.6382884846662,3494.185728864024,73.45255962064243,4999,0.9373892498523332
2019-04-21T00:00:00.000+0000,1879,-184,3473.4004990575495,-2750.963039476249,1156.5625404186992,-2694.963039476249,3552.4004990575495,1233.5625404186992,3732,1.014901543374135
2019-04-28T00:00:00.000+0000,2693,198,3509.2621540656437,-1443.4090193518764,627.1468652862328,-1535.4090193518764,3445.2621540656437,527.1468652862328,4460,0.9784626810248793
2019-05-05T00:00:00.000+0000,2697,-111,3545.8044306527736,-1612.8200485918205,764.015617939047,-1562.8200485918205,3638.8044306527736,821.015617939047,4611,1.0329996292176493
2019-05-12T00:00:00.000+0000,3308,139,3583.0492245333667,-682.8295527085552,407.7803281751887,-669.8295527085552,3521.0492245333667,448.7803281751887,5264,1.0396009673518742
2019-05-19T00:00:00.000+0000,2691,-129,3621.0562415169325,-1256.307700408519,326.2514588915864,-1295.307700408519,3591.0562415169325,331.2514588915864,4323,0.9282794500185805
2019-05-26T00:00:00.000+0000,2450,96,3659.9364033853794,-538.6811624896072,-671.2552408957721,-439.68116248960723,3680.9364033853794,-585.2552408957721,4577,1.123265306122449
2019-06-02T00:00:00.000+0000,1969,-39,3699.8472363898322,-811.5600963512161,-919.2871400386163,-859.5600963512161,3627.8472363898322,-956.2871400386163,3598,0.9004570848146267
2019-06-09T00:00:00.000+0000,1855,-5,3740.968438914628,-1317.4624003377621,-568.506038576866,-1407.4624003377621,3675.968438914628,-522.506038576866,3566,0.938544474393531
2019-06-16T00:00:00.000+0000,2024,-96,3783.4927605186967,-357.93764767061384,-1401.5551128480831,-359.93764767061384,3704.4927605186967,-1497.5551128480831,3576,0.8651185770750986
2019-06-23T00:00:00.000+0000,2054,67,3827.6127117948367,-114.42575821057426,-1659.1869535842627,-127.42575821057426,3733.6127117948367,-1716.1869535842627,3782,0.9527750730282375
2019-06-30T00:00:00.000+0000,1768,-174,3873.512233398344,-278.3393233070051,-1827.1729100913392,-205.3393233070051,3928.512233398344,-1770.1729100913392,3604,1.0062217194570136
2019-07-07T00:00:00.000+0000,1880,-71,3921.34949365579,-904.7646534090127,-1136.584840246777,-819.7646534090127,3931.34949365579,-1139.584840246777,3726,1.0111702127659576
2019-07-14T00:00:00.000+0000,2095,87,3971.2726782487503,-219.2430965554854,-1657.0295816932648,-222.2430965554854,4031.2726782487503,-1590.0295816932648,4131,1.1007159904534607
2019-07-21T00:00:00.000+0000,1955,-101,4023.42603061221,-107.48388217717365,-1960.9421484350364,-28.483882177173655,3927.42603061221,-1986.9421484350364,3636,0.9263427109974425
2019-07-28T00:00:00.000+0000,1908,-120,4077.952900839753,-83.08161103373232,-2086.8712898060207,-68.08161103373232,4120.952900839753,-2071.8712898060207,3686,0.9753668763102725
2019-08-04T00:00:00.000+0000,2283,108,4135.008467170275,229.59145162161076,-2081.5999187918856,250.59145162161076,4170.008467170275,-2002.5999187918856,4351,1.1064388961892249
2019-08-11T00:00:00.000+0000,2379,-62,4194.726472667775,259.24145213091833,-2074.967924798693,183.24145213091833,4247.726472667775,-2080.967924798693,4113,0.9617486338797816
2019-08-18T00:00:00.000+0000,2320,-32,4257.209320725487,18.270549709621264,-1955.4798704351078,97.27054970962126,4352.209320725487,-2010.4798704351078,4232,1.0375
2019-08-25T00:00:00.000+0000,3084,92,4322.531915543436,90.43697058189082,-1328.9688861253267,83.43697058189082,4405.531915543436,-1425.9688861253267,4980,1.0230220492866409
2019-09-01T00:00:00.000+0000,3852,-111,4390.743482777526,-160.29266133945748,-378.4508214380688,-225.29266133945748,4333.743482777526,-432.4508214380688,5390,0.9254932502596053
2019-09-08T00:00:00.000+0000,5041,-128,4461.86789069596,-1393.5886630567202,1972.72077236076,-1373.5886630567202,4560.86789069596,1879.72077236076,6764,0.9797659194604246
2019-09-15T00:00:00.000+0000,5513,-98,4535.908499740314,-313.0597900163466,1290.1512902760326,-265.0597900163466,4547.908499740314,1263.1512902760326,7273,0.9882096861962634
2019-09-22T00:00:00.000+0000,5257,-65,4612.844138202078,186.15005636548085,458.00580543244064,272.15005636548085,4609.844138202078,373.00580543244064,7015,0.9872550884534906
2019-09-29T00:00:00.000+0000,5303,-148,4692.642192159003,477.5050187543593,132.85278908663784,497.5050187543593,4622.642192159003,228.85278908663784,7026,0.9807656043748821
2019-10-06T00:00:00.000+0000,4985,-117,4775.303508076201,102.13724995708799,107.55924196671077,170.137249957088,4870.303508076201,69.55924196671077,6818,1.00160481444333
2019-10-13T00:00:00.000+0000,5675,-132,4860.83505419891,96.99031245430888,717.1746333467808,101.99031245430888,4776.83505419891,750.1746333467808,7322,0.9686343612334801
2019-10-20T00:00:00.000+0000,5716,-174,4949.220256831302,518.668548702829,248.11119446586852,514.668548702829,4871.220256831302,237.11119446586852,7274,0.9532890132960112
2019-10-27T00:00:00.000+0000,6500,-18,5040.404002757615,296.42820382224454,1163.1677934201407,267.42820382224454,5009.404002757615,1173.1677934201407,8257,0.9895384615384616
2019-11-03T00:00:00.000+0000,7010,-23,5134.296962350644,261.00297094452526,1614.70006670483,320.00297094452526,5058.296962350644,1539.70006670483,8720,0.9835948644793152
2019-11-10T00:00:00.000+0000,4556,-3,5230.796860136049,-893.0696177507862,218.27275761473746,-830.0696177507862,5245.796860136049,210.27275761473746,6448,1.0147058823529411
2019-11-17T00:00:00.000+0000,4163,-113,5329.7812455259955,-623.4055617202876,-543.3756838057079,-708.4055617202876,5329.7812455259955,-546.3756838057079,5787,0.9517175114100408
2019-11-24T00:00:00.000+0000,3515,-48,5431.123762817449,-1357.0170047448305,-559.1067580726179,-1318.0170047448305,5447.123762817449,-645.1067580726179,5261,0.977524893314367
2019-12-01T00:00:00.000+0000,5346,-40,5534.680306832398,193.4503615235999,-382.13066835599795,262.4503615235999,5604.680306832398,-478.13066835599795,7174,1.0005611672278338
2019-12-08T00:00:00.000+0000,3418,-5,5640.284040337272,-352.85402700335635,-1869.4300133339157,-410.85402700335635,5653.284040337272,-1874.4300133339157,5188,0.983908718548859
2019-12-15T00:00:00.000+0000,2521,55,5747.743220333557,-920.7188152487861,-2306.02440508477,-856.7188152487861,5706.743220333557,-2338.02440508477,4392,1.0182467274890918
2019-12-22T00:00:00.000+0000,1628,-106,5856.823363043457,-823.6527984361919,-3405.170564607265,-891.6527984361919,5829.823363043457,-3386.170564607265,3271,0.8882063882063882
2019-12-29T00:00:00.000+0000,2370,114,5967.232284296573,159.68445900756342,-3756.9167433041366,198.68445900756342,5955.232284296573,-3701.9167433041366,4391,1.0827004219409282
2020-01-05T00:00:00.000+0000,6811,132,6078.688588144682,570.5649692555698,161.74644259974804,474.56496925556985,6100.688588144682,246.74644259974804,8779,1.020995448539128
2020-01-12T00:00:00.000+0000,7546,97,6190.92891178441,395.6617931049768,959.4092951106135,475.6617931049768,6289.92891178441,932.4092951106135,9620,1.0329976146302677
2020-01-19T00:00:00.000+0000,6156,-128,6303.691165364944,-963.5421722016117,815.8510068366679,-882.5421722016117,6302.691165364944,798.8510068366679,7916,0.9894411955815464
2020-01-26T00:00:00.000+0000,6102,-163,6416.693428858043,-725.7121721757821,411.01874331773854,-671.7121721757821,6371.693428858043,475.01874331773854,7837,0.9852507374631269
2020-02-02T00:00:00.000+0000,7598,-96,6529.629536919423,-44.46051666269341,1112.83097974327,-78.46051666269341,6585.629536919423,1080.83097974327,9317,0.9860489602526981
2020-02-09T00:00:00.000+0000,7421,-30,6642.19694566847,-2022.4758857145316,2801.2789400460615,-2108.4758857145316,6594.19694566847,2894.2789400460615,9175,0.9904325562592643
2020-02-16T00:00:00.000+0000,7614,-170,6754.131329969896,-1787.276370286313,2647.145040316417,-1769.276370286313,6788.131329969896,2632.145040316417,9306,0.9825321775676386
2020-02-23T00:00:00.000+0000,6549,-52,6865.21211427164,-2794.06283422918,2477.8507199575406,-2741.06283422918,6841.21211427164,2570.8507199575406,8444,1.0106886547564513
2020-03-01T00:00:00.000+0000,6589,-157,6975.265012359255,-2360.455694441004,1974.1906820817494,-2267.455694441004,7065.265012359255,1968.1906820817494,8434,1.0030353619669146
2020-03-08T00:00:00.000+0000,7324,92,7084.21867213371,-2827.4108452102146,3067.192173076504,-2876.4108452102146,7179.21867213371,3068.192173076504,9288,1.0189787001638448
2020-03-15T00:00:00.000+0000,9284,-114,7192.101207941431,-813.894520539201,2905.7933125977697,-850.894520539201,7094.101207941431,2814.7933125977697,10769,0.9633778543731151
2020-03-22T00:00:00.000+0000,13082,64,7298.999609203004,2589.27989554521,3193.720495251785,2579.27989554521,7265.999609203004,3170.720495251785,14905,0.9998471181776487
2020-03-29T00:00:00.000+0000,7974,-162,7405.043451140106,-1867.1446132418578,2436.101162101751,-1945.1446132418578,7334.043451140106,2349.101162101751,9401,0.9500877853022323
2020-04-05T00:00:00.000+0000,10473,118,7510.42455204244,2148.72401804102,813.8514299165404,2077.72401804102,7529.42455204244,794.8514299165404,12345,1.0044877303542443
2020-04-12T00:00:00.000+0000,5238,-77,7615.378813687991,-3438.181256383141,1060.8024426951497,-3497.181256383141,7658.378813687991,975.8024426951497,6885,0.9660175639557083
2020-04-19T00:00:00.000+0000,12303,-106,7720.1299498447715,1220.446591935588,3362.4234582196414,1210.446591935588,7760.1299498447715,3436.4234582196414,14126,0.9998374380232463
2020-04-26T00:00:00.000+0000,11149,198,7824.927890282559,1842.3063331297908,1481.7657765876504,1757.3063331297908,7918.927890282559,1411.7657765876504,13111,1.0122880975872275
2020-05-03T00:00:00.000+0000,12045,125,7929.965242150894,2386.99701467294,1728.0377431761653,2447.99701467294,7925.965242150894,1658.0377431761653,13982,1.0092984640929847
2020-05-10T00:00:00.000+0000,9239,69,8035.459125925056,500.3564418831702,703.1844321917748,452.3564418831702,7940.459125925056,738.1844321917748,11025,0.9957787639354908
2020-05-17T00:00:00.000+0000,10657,109,8141.6616062258545,1365.2701668585305,1150.0682269156155,1309.2701668585305,8057.6616062258545,1075.0682269156155,12376,0.9900534859716619
2020-05-24T00:00:00.000+0000,8356,197,8248.771638579092,736.7003166738014,-629.4719552528935,751.7003166738014,8219.771638579092,-657.4719552528935,10336,1.0185495452369555
2020-05-31T00:00:00.000+0000,8088,-145,8356.91990337984,935.6199244394538,-1204.539827819294,931.6199244394538,8362.91990337984,-1185.539827819294,9789,0.9846686449060336
2020-06-07T00:00:00.000+0000,7935,-46,8466.182066291067,-268.8955953815803,-262.2864709094872,-273.8955953815803,8411.182066291067,-280.2864709094872,9636,0.9843730308758663
2020-06-14T00:00:00.000+0000,7554,117,8576.601621614276,826.7251322678821,-1849.326753882158,917.7251322678821,8667.601621614276,-1769.326753882158,9758,1.0501720942546995
2020-06-21T00:00:00.000+0000,6898,-91,8688.170802616547,885.8978495156261,-2676.068652132174,881.8978495156261,8608.170802616547,-2631.068652132174,8593,0.9811539576688894
2020-06-28T00:00:00.000+0000,6977,-57,8800.820934210447,812.9668151770929,-2636.78774938754,739.9668151770929,8851.820934210447,-2698.78774938754,8661,0.9797907410061631
2020-07-05T00:00:00.000+0000,10171,-37,8914.438114726832,2811.0031229848555,-1554.4412377116876,2743.0031229848555,8984.438114726832,-1650.4412377116876,11865,0.9871202438304985
2020-07-12T00:00:00.000+0000,7153,81,9028.82735293767,323.7901745291583,-2199.617527466827,377.7901745291583,9069.82735293767,-2134.617527466827,9219,1.0336921571368656
2020-07-19T00:00:00.000+0000,6546,-184,9143.701289495959,91.73195966447383,-2689.433249160432,144.73195966447383,9241.701289495959,-2623.433249160432,8404,1.0050412465627865
2020-07-26T00:00:00.000+0000,6471,86,9258.69351970801,66.1319585877809,-2853.8254782957906,13.1319585877809,9267.69351970801,-2770.8254782957906,8421,1.0193169525575645
2020-08-02T00:00:00.000+0000,6361,0,9373.397460767073,-274.3629615734062,-2738.034499193667,-193.3629615734062,9447.397460767073,-2676.034499193667,8403,1.0341141329979564
2020-08-09T00:00:00.000+0000,5986,-183,9487.401908062315,-665.9607629658167,-2835.441145096497,-741.9607629658167,9550.401908062315,-2741.441145096497,7709.000000000001,0.9829602405613099
2020-08-16T00:00:00.000+0000,6804,-113,9600.29392200947,-105.81790805366654,-2690.4760139558034,-17.817908053666542,9517.29392200947,-2714.4760139558034,8497,0.9805996472663139
2020-08-23T00:00:00.000+0000,7085,-170,9711.657948554652,-759.5555636925019,-1867.1023848621492,-711.5555636925019,9671.657948554652,-1889.1023848621492,8726,0.9740296400846861
2020-08-30T00:00:00.000+0000,8248,-136,9821.074184307445,-569.2895071804505,-1003.7846771269948,-571.2895071804505,9886.074184307445,-1043.7846771269947,9960,0.9862997090203686
2020-09-06T00:00:00.000+0000,16453,187,9928.110963624173,3320.8952588991415,3203.993777476686,3415.8952588991415,9893.110963624173,3237.993777476686,18559,1.017078952166778
2020-09-13T00:00:00.000+0000,12865,-150,10032.33830106824,1777.4318081834263,1055.2298907483344,1787.4318081834263,9986.33830106824,1131.2298907483344,14580,0.9914496696463272
2020-09-20T00:00:00.000+0000,10312,126,10133.346268178573,823.2868077920157,-644.6330759705896,798.2868077920157,10137.346268178573,-721.6330759705896,12165,1.0027152831652444
2020-09-27T00:00:00.000+0000,9750,167,10230.755003859293,248.78488177864347,-729.5398856379361,163.78488177864347,10130.755003859293,-646.5398856379361,11640,1.0066666666666666
2020-10-04T00:00:00.000+0000,9914,101,10324.21331199562,296.94323348269245,-707.1565454783113,303.94323348269245,10229.21331199562,-733.1565454783113,11726,0.9986887230179544
2020-10-11T00:00:00.000+0000,11863,25,10413.414178315548,1480.9939706149125,-31.408148930461252,1478.9939706149125,10410.414178315548,-73.40814893046125,13666,0.9981454943943353
2020-10-18T00:00:00.000+0000,10372,146,10498.11065926416,364.3633790866461,-490.4740383508061,408.3633790866461,10587.11065926416,-408.4740383508061,12558,1.0348052448900886
2020-10-25T00:00:00.000+0000,12523,158,10578.116705732376,1321.22351337072,623.6597808969043,1235.22351337072,10615.116705732376,663.6597808969043,14497,1.0118981074822326
2020-11-01T00:00:00.000+0000,11270,-194,10653.30155376453,562.6695511772505,54.02889505822043,539.6695511772505,10646.30155376453,68.02889505822043,12885,0.9813664596273292
2020-11-08T00:00:00.000+0000,11563,-104,10723.56239603252,345.24444806139945,494.19315590608153,306.24444806139945,10699.56239603252,491.19315590608153,13218,0.985297933062354
2020-11-15T00:00:00.000+0000,10530,-128,10788.824193180953,508.68116143048246,-767.5053546114357,459.68116143048246,10882.824193180953,-813.5053546114357,12226,0.9877492877492877
2020-11-22T00:00:00.000+0000,9765,-30,10849.028497618654,-443.02397386233497,-641.0045237563197,-504.02397386233497,10768.028497618654,-645.0045237563197,11414,0.9819764464925755
2020-11-29T00:00:00.000+0000,8918,182,10904.155582469484,-2889.5495110658912,903.3939285964072,-2956.5495110658912,10922.155582469484,825.3939285964072,10798,1.0061673020856694
2020-12-06T00:00:00.000+0000,8041,57,10954.229148821336,-779.9535324787976,-2133.275616342538,-716.9535324787976,11045.229148821336,-2037.275616342538,10173,1.0381793309289888
2020-12-13T00:00:00.000+0000,8585,125,10999.311053865284,463.09231649785943,-2877.4033703631426,445.09231649785943,11016.311053865284,-2840.4033703631426,10571,1.0187536400698893
2020-12-20T00:00:00.000+0000,6665,19,11039.505831167011,-79.84191179129812,-4294.663919375713,-85.84191179129812,11047.505831167011,-4208.663919375713,8597,1.0160540135033758
2020-12-27T00:00:00.000+0000,4276,197,11074.980708336494,-1497.9030671200744,-5301.07764121642,-1466.9030671200744,11059.980708336494,-5387.07764121642,6228,1.0297006548175864
2021-01-03T00:00:00.000+0000,7017,79,11105.959852130904,-3263.9142581576198,-825.0455939732838,-3233.9142581576198,11099.959852130904,-775.0455939732838,8995,1.0218041898247114
2021-01-10T00:00:00.000+0000,10418,191,11132.716246905053,-2348.260376539165,1633.5441296341126,-2258.260376539165,11178.716246905053,1614.5441296341126,12551,1.0295642157803802
2021-01-17T00:00:00.000+0000,12683,-57,11155.564555484845,41.80269742702876,1485.6327470881258,79.80269742702876,11206.564555484845,1501.6327470881258,14556,1.003784593550422
2021-01-24T00:00:00.000+0000,11537,134,11174.87115349832,-565.2091343700922,927.3379808717733,-608.2091343700922,11153.87115349832,975.3379808717733,13480,1.0102279622085464
2021-01-31T00:00:00.000+0000,11312,190,11191.062218943942,-1730.0377078804904,1850.9754889365493,-1731.0377078804904,11146.062218943942,1875.9754889365493,13306,1.0149398868458275
2021-02-07T00:00:00.000+0000,17765,-200,11204.58341853681,2644.956732743767,3915.459848719423,2603.956732743767,11233.58341853681,3853.459848719423,19316,0.9845764142977765
2021-02-14T00:00:00.000+0000,17682,63,11215.866134119124,2822.7256195693317,3643.4082463115456,2757.7256195693317,11198.866134119124,3583.4082463115456,19428,0.9955321796176904
2021-02-21T00:00:00.000+0000,17617,-113,11225.294471526127,2286.351553030021,4105.353975443852,2293.351553030021,11306.294471526127,4035.3539754438516,19347,0.9946074814100017
2021-02-28T00:00:00.000+0000,16046,63,11233.189514285308,1481.7740142314015,3331.03647148329,1453.7740142314015,11326.189514285308,3405.03647148329,18073,1.0125888071793594
2021-03-07T00:00:00.000+0000,19813,-18,11239.768948513545,4174.543670980587,4398.687380505868,4096.543670980587,11242.768948513545,4346.687380505868,21493,0.9926815727047897
2021-03-14T00:00:00.000+0000,17907,-155,11245.177258849957,2978.7107570046064,3683.1119841454365,3017.7107570046064,11176.177258849957,3649.1119841454365,19513,0.9877701457530574
2021-03-21T00:00:00.000+0000,16383,60,11249.538026223925,1418.6088777252317,3714.8530960508433,1401.6088777252317,11200.538026223925,3726.8530960508433,18214,1.000366233290606
2021-03-28T00:00:00.000+0000,20609,-160,11252.923409641284,6034.872460314222,3321.204130044495,6065.872460314222,11298.923409641284,3351.204130044495,22381,0.9974283080207677
2021-04-04T00:00:00.000+0000,10758,-187,11255.359079646374,-1533.5924145392091,1036.2333348928355,-1553.5924145392091,11247.359079646374,991.2333348928355,12323,0.9758319390221231
2021-04-11T00:00:00.000+0000,18193,-58,11256.763375735009,5311.266125216898,1624.9704990480943,5253.266125216898,11294.763375735009,1723.9704990480943,20039,1.0011542901115813
2021-04-18T00:00:00.000+0000,22176,-113,11257.006506969145,7714.224780950808,3204.768712080046,7622.224780950808,11286.006506969145,3138.768712080046,23759,0.9890873015873016
2021-04-25T00:00:00.000+0000,14009,160,11255.92056141565,989.2337365881613,1763.8457019961882,1033.2337365881613,11290.92056141565,1715.8457019961882,16025,1.0136340923691913
2021-05-02T00:00:00.000+0000,14459,-27,11253.345519643186,1432.3113519065555,1773.3431284502576,1473.3113519065555,11171.345519643186,1681.3431284502576,16124,0.9889342278165848
2021-05-09T00:00:00.000+0000,13670,-28,11249.091782105654,2121.2042123431766,299.70400555116896,2069.2042123431766,11315.091782105654,319.70400555116896,15501,1.0004389173372348
2021-05-16T00:00:00.000+0000,15161,-132,11242.922661469693,3232.3607737495513,685.7165647807556,3192.3607737495513,11229.922661469693,766.7165647807556,16882,0.9931402941758459
2021-05-23T00:00:00.000+0000,11259,53,11234.608841535783,1070.4580817803035,-1046.066923316086,1072.4580817803035,11205.608841535783,-994.0669233160861,13162,1.006927791100453
2021-05-30T00:00:00.000+0000,9790,-200,11223.93230393258,146.17444104478272,-1580.1067449773634,96.17444104478272,11132.93230393258,-1553.1067449773634,11301,0.967926455566905
2021-06-06T00:00:00.000+0000,13596,-69,11210.674317388111,2665.676705538055,-280.35102292616637,2584.676705538055,11218.674317388111,-289.35102292616637,15270,0.9888937922918506
2021-06-13T00:00:00.000+0000,8060,-29,11194.621327022096,-1095.0320074312876,-2039.5893195908084,-1123.0320074312876,11293.621327022096,-2007.5893195908084,9959,1.009181141439206
2021-06-20T00:00:00.000+0000,6099,-29,11175.588551294497,-1784.3572850532055,-3292.231266241292,-1859.3572850532055,11120.588551294497,-3281.231266241292,7776,0.9757337268404657
2021-06-27T00:00:00.000+0000,5766,-65,11153.443950840929,-2837.99274257272,-2549.451208268209,-2739.99274257272,11079.443950840929,-2608.451208268209,7491,0.9826569545612209
2021-07-04T00:00:00.000+0000,7022,-23,11128.128022460045,-2100.808781558073,-2005.319240901972,-2087.808781558073,11192.128022460045,-1960.319240901972,8946,1.0140985474223867
2021-07-11T00:00:00.000+0000,7910,-56,11099.656476006343,-735.3460180577404,-2454.310457948603,-724.3460180577404,11182.656476006343,-2530.310457948603,9697,0.9951959544879899
2021-07-18T00:00:00.000+0000,6958,-84,11068.11161841096,-1227.4471052695499,-2882.6645131414093,-1134.4471052695499,11061.11161841096,-2829.6645131414093,8838,1.0079045702788159
2021-07-25T00:00:00.000+0000,6336,49,11033.630347684984,-1851.4905280955045,-2846.139819589481,-1859.4905280955045,11085.630347684984,-2801.139819589481,8299,1.021780303030303
2021-08-01T00:00:00.000+0000,6534,-126,10996.37165008335,-1887.3462116655537,-2575.025438417797,-1960.3462116655537,11029.37165008335,-2644.025438417797,8124,0.9640342822161004
2021-08-08T00:00:00.000+0000,6565,154,10956.498637670604,-1708.701203235416,-2682.797434435188,-1753.701203235416,10906.498637670604,-2758.797434435188,8373,0.9974105102817974
2021-08-15T00:00:00.000+0000,6383,2,10914.18055062571,-1955.6808195456888,-2575.499731080022,-2049.680819545689,10843.18055062571,-2531.499731080022,8088.999999999999,0.9813567288109039
2021-08-22T00:00:00.000+0000,8292,-137,10869.582038183047,-870.368102253442,-1707.2139359296054,-787.368102253442,10841.582038183047,-1766.2139359296054,9976,0.9829956584659914
2021-08-29T00:00:00.000+0000,8944,79,10822.868198195045,-1012.8673952437402,-866.000802951304,-1084.8673952437402,10903.868198195045,-840.000802951304,10883,1.0127459749552772
2021-09-05T00:00:00.000+0000,13315,103,10774.251913943783,-1514.2776698695743,4055.0257559257907,-1595.2776698695743,10824.251913943783,3980.0257559257907,15137,0.9997746901990237
2021-09-12T00:00:00.000+0000,10402,-34,10723.984794424645,-785.611104723901,463.6263102992556,-750.611104723901,10729.984794424645,554.6263102992556,12325,1.009421265141319
2021-09-19T00:00:00.000+0000,8327,-181,10667.898608970883,-309.3004838962679,-2031.5981250746152,-380.3004838962679,10632.898608970883,-2054.5981250746154,9842,0.9627717064969377
2021-09-26T00:00:00.000+0000,8766,18,10615.818217408283,-20.021337469645005,-1829.7968799386376,38.978662530354995,10562.818217408283,-1873.7968799386376,10571,0.9977184576773899
2021-10-03T00:00:00.000+0000,8934,12,10567.309295881494,10.320252355826597,-1643.6295482373216,50.3202523558266,10582.309295881494,-1592.6295482373216,10877,1.0132079695545109
2021-10-10T00:00:00.000+0000,8652,-163,10521.713460987141,-664.6754789773804,-1205.0379820097612,-709.6754789773804,10457.713460987141,-1216.0379820097612,10194,0.9672907998150717
2021-10-17T00:00:00.000+0000,8882,-136,10478.398136425823,-83.6887946675779,-1512.7093417582457,-25.688794667577895,10414.398136425823,-1562.7093417582457,10515,0.9783832470164378
2021-10-24T00:00:00.000+0000,9471,82,10436.846635001933,-596.5108420256383,-369.33579297629433,-616.5108420256383,10533.846635001933,-386.33579297629433,11438,1.0149931369443566
2021-10-31T00:00:00.000+0000,8490,115,10396.667337899831,-153.5508224294299,-1753.1165154704013,-77.5508224294299,10319.667337899831,-1849.1165154704013,10333,1.0021201413427563
2021-11-07T00:00:00.000+0000,11478,32,10357.574466998389,143.55376526227883,976.871767739332,53.55376526227883,10452.574466998389,1046.871767739332,13410,1.0093221815647326
2021-11-14T00:00:00.000+0000,9413,-118,10319.361534085769,13.370438887239288,-919.7319729730071,50.37043888723929,10304.361534085769,-880.7319729730071,11181,0.9939445447784978
2021-11-21T00:00:00.000+0000,10798,-17,10281.87816839366,669.6570798406519,-153.5352482343119,629.6570798406519,10275.87816839366,-62.535248234311894,12651,1.0025930727912575
2021-11-28T00:00:00.000+0000,14946,-198,10245.012888733574,1847.352827228391,2853.634284038035,1922.352827228391,10191.012888733574,2931.634284038035,16672,0.9933761541549578
2021-12-05T00:00:00.000+0000,8844,180,10208.679643169688,721.6476156020835,-2086.3272587717715,706.6476156020835,10166.679643169688,-2112.3272587717715,10766,1.0109678878335595
2021-12-12T00:00:00.000+0000,7007,-54,10172.808390741378,95.78169352608893,-3261.590084267467,111.78169352608893,10148.808390741378,-3241.590084267467,8790,0.994005994005994
2021-12-19T00:00:00.000+0000,5643,-99,10137.341516670613,395.916265330221,-4890.257782000834,399.916265330221,10108.341516670613,-4854.257782000834,7380,0.9844054580896686
2021-12-26T00:00:00.000+0000,4645,-9,10102.231379522356,1067.5040664237094,-6524.735445946067,1110.5040664237094,10122.231379522356,-6615.735445946067,6432.999999999999,0.9920344456404734
2022-01-02T00:00:00.000+0000,10271,-21,10067.43736133724,2169.618901101765,-1966.0562624390063,2209.618901101765,10068.43736133724,-1915.0562624390063,12167,1.0069126667315744
2022-01-09T00:00:00.000+0000,14012,-142,10032.923010543247,1719.642514036601,2259.434475420151,1748.642514036601,9993.923010543247,2210.434475420151,15636,0.9856551527262346
2022-01-16T00:00:00.000+0000,12709,88,9998.653853638669,518.1635165545449,2192.1826298067863,418.1635165545449,10034.653853638669,2109.1826298067863,14475,0.9953576205838383
2022-01-23T00:00:00.000+0000,12307,115,9964.597611844583,868.4896583535392,1473.9127298018777,830.4896583535392,9864.597611844583,1413.9127298018777,14049,0.9932558706427237
2022-01-30T00:00:00.000+0000,13924,72,9930.725232017725,1434.0505335904163,2559.2242343918583,1377.0505335904163,10029.725232017725,2600.2242343918583,15904,1.0111318586613043
2022-02-06T00:00:00.000+0000,14083,-119,9897.010238389741,-927.5774464361239,5113.567208046383,-974.5774464361239,9915.010238389741,5179.567208046383,15826,0.9941773769793368
2022-02-13T00:00:00.000+0000,13498,109,9863.428366153668,-1091.624063629819,4726.195697476151,-1074.624063629819,9961.428366153668,4794.195697476151,15615,1.021632834493999
2022-02-20T00:00:00.000+0000,15333,109,9829.959627678198,-407.0365308998207,5910.076903221623,-393.0365308998207,9898.959627678198,6005.076903221623,17445,1.0187177982130047
2022-02-27T00:00:00.000+0000,14659,129,9796.588362643493,16.996169226562415,4845.415468129945,45.996169226562415,9737.588362643493,4858.415468129945,16596,1.0076403574595811
2022-03-06T00:00:00.000+0000,13987,185,9763.301980282879,-1671.2650066064534,5894.963026323575,-1617.2650066064534,9837.301980282879,5958.963026323575,16189,1.026953599771216
2022-03-13T00:00:00.000+0000,12703,106,9730.090463767969,-1491.3923893833107,4464.301925615342,-1475.3923893833107,9753.090463767969,4461.301925615342,14670,1.0111784617806818
2022-03-20T00:00:00.000+0000,12261,66,9696.94761632045,-1447.697707162626,4011.7500908421757,-1479.697707162626,9681.94761632045,4102.750090842175,14196,1.0089715357638038
2022-03-27T00:00:00.000+0000,10717,40,9663.870904503534,-3224.546576958577,4277.675672455043,-3258.546576958577,9617.870904503534,4306.675672455043,12531,0.9989735933563497
2022-04-03T00:00:00.000+0000,11408,199,9630.861481166954,688.5568088231157,1088.58171000993,604.5568088231157,9548.861481166954,1021.58171000993,13199,0.9970196353436185
2022-04-10T00:00:00.000+0000,9751,125,9597.924628395105,-2241.516220336737,2394.591591941632,-2305.516220336737,9644.924628395105,2345.591591941632,11635,1.0060506614706184
2022-04-17T00:00:00.000+0000,7188,-196,9565.066751109713,-5271.027282298244,2893.960531188531,-5237.027282298244,9519.066751109713,2971.960531188531,8883,0.9819143016138008
2022-04-24T00:00:00.000+0000,10536,-83,9532.298010664063,-897.6058104706808,1901.307799806619,-879.6058104706808,9577.298010664063,1916.307799806619,12356,0.9995254365983295
2022-05-01T00:00:00.000+0000,9755,115,9499.634712923023,-1368.350559446927,1623.7158465239036,-1322.350559446927,9453.634712923023,1705.7158465239036,11777,1.02019477191184
2022-05-08T00:00:00.000+0000,8009,-164,9467.095433341901,-1279.404499482086,-178.6909338598156,-1360.404499482086,9369.095433341901,-205.6909338598156,9464,0.9538019727806218
2022-05-15T00:00:00.000+0000,7215,-65,9434.700270267856,-2292.975362164728,73.27509189687098,-2255.975362164728,9419.700270267856,42.275091896870975,8966,0.9897435897435898
2022-05-22T00:00:00.000+0000,7228,157,9402.471069139603,-631.4811023999646,-1542.9899667396378,-664.4811023999646,9407.471069139603,-1502.9899667396378,9222,1.0233812949640289
2022-05-29T00:00:00.000+0000,7312,97,9370.431943677077,-37.85309896090439,-2020.5788447161715,-68.85309896090439,9435.431943677077,-1930.5788447161715,9358,1.0302242888402626
2022-06-05T00:00:00.000+0000,7715,169,9338.60754353417,-1353.1882335159535,-270.4193100182167,-1284.1882335159535,9353.60754353417,-183.41931001821672,9880,1.0440699935191187
2022-06-12T00:00:00.000+0000,7864,-109,9307.022326510474,836.2274582219397,-2279.2497847324134,854.2274582219397,9262.022326510474,-2351.2497847324134,9481,0.9735503560528993
2022-06-19T00:00:00.000+0000,6598,-136,9275.701227585538,1282.648508567665,-3960.3497361532027,1245.648508567665,9238.701227585538,-3966.3497361532027,8207,0.9672628069111852
2022-06-26T00:00:00.000+0000,8817,11,9244.667458283095,2048.0190759841335,-2475.6865342672277,2087.0190759841335,9201.667458283095,-2506.6865342672277,10618,0.9972779857094249
2022-07-03T00:00:00.000+0000,7499,-175,9213.94121914631,925.806723374757,-2640.7479425210677,895.806723374757,9184.94121914631,-2618.7479425210677,9112,0.9717295639418589
2022-07-10T00:00:00.000+0000,7224,166,9183.53908187597,757.3028215811464,-2716.8419034571166,766.3028215811464,9171.53908187597,-2774.8419034571166,9154,1.0145348837209303
2022-07-17T00:00:00.000+0000,7268,-93,9153.475184880324,1170.1338746372949,-3055.6090595176197,1232.1338746372949,9165.475184880324,-3153.6090595176197,8976,0.9839020363236104
2022-07-24T00:00:00.000+0000,7933,143,9123.761673072817,1611.8574376655142,-2802.61911073833,1669.8574376655142,9082.761673072817,-2879.61911073833,9841,1.0104626244800203
2022-07-31T00:00:00.000+0000,8470,-58,9094.408150353147,1732.8138805292274,-2357.2220308823744,1790.8138805292274,9017.408150353147,-2349.2220308823744,10226,0.99185360094451
2022-08-07T00:00:00.000+0000,8363,-130,9065.421016552364,1738.763444176222,-2441.1844607285866,1676.763444176222,9016.421016552364,-2411.1844607285866,9977,0.9747698194427836
2022-08-14T00:00:00.000+0000,8375,107,9036.803222985294,1743.9754225147408,-2405.7786455000346,1794.9754225147408,9000.803222985294,-2379.7786455000346,10348,1.0176716417910447
2022-08-21T00:00:00.000+0000,8761,-81,9008.554268286976,1206.157632990984,-1453.7119012779608,1227.157632990984,9105.554268286976,-1516.7119012779608,10560,0.9970323022486017
2022-08-28T00:00:00.000+0000,9606,178,8980.670408677728,1260.5214058839156,-635.1918145616442,1260.5214058839156,9024.670408677728,-728.1918145616442,11560,1.0134291068082448
